TimeStamp,Roll1,Pitch1,Yaw1,Roll2,Pitch2,Yaw2,FRS,EMG1,EMG2
2623,0.13,0.17,-0.16,nan,nan,nan,2.253,922,922
2732,0.26,0.35,-0.32,0,0.23,0,2.243,854,921
2841,0.41,0.93,-0.83,0.05,0.46,-0.01,2.243,470,496
2951,0.44,2.23,-1.92,0.12,0.67,-0.02,2.243,303,310
3060,0.6,3.43,-2.81,0.18,0.88,-0.03,2.248,184,144
3169,1.57,4.87,-3.6,0.22,1.09,-0.04,2.258,141,159
3279,3.38,6.03,-3.64,0.25,1.31,-0.03,2.253,142,294
3388,3.03,7.07,-3.76,0.25,1.55,-0.03,2.258,238,272
3498,2.09,8.25,-4.05,0.25,1.79,-0.03,2.258,288,296
3607,1.83,9.64,-4.2,0.24,2.02,-0.03,2.253,287,264
3717,1.2,11,-4.12,0.23,2.26,-0.03,2.253,359,429
3826,1.19,12.53,-4.2,0.21,2.5,-0.03,2.248,342,292
3936,0.71,13.91,-4.55,0.2,2.75,-0.03,2.263,317,351
4045,0.24,15.3,-4.88,0.34,3.85,-0.06,2.268,201,165
4155,0.25,16.66,-4.99,0.65,5.47,-0.16,2.263,342,378
4264,0.59,18.06,-4.89,0.9,6.92,-0.23,2.268,373,436
4374,0.11,19.82,-5.17,0.79,8.32,-0.21,2.273,166,155
4483,-1.23,21.08,-5.53,0.06,9.88,-0.19,2.268,258,230
4593,-1.36,22.27,-5.67,-0.22,11.15,-0.25,2.273,140,94
4702,-1.36,23.56,-5.79,-0.17,12.37,-0.29,2.287,378,401
4812,-1.78,24.85,-5.96,-0.38,13.73,-0.23,2.297,405,347
4922,-1.63,26.14,-5.88,-0.09,15.19,-0.08,2.283,120,119
5031,0.23,27.52,-4.99,0.7,16.31,0.04,2.307,233,229
5141,2.62,28.73,-4.02,1.85,17.21,0.11,2.258,210,167
5251,3.36,30,-3.7,2.49,18.27,0.29,2.258,252,179
5360,3.62,31.36,-3.47,2.76,19.51,0.54,2.297,415,444
5470,4.01,32.87,-3.02,3.03,20.95,0.81,2.346,387,393
5579,3.94,34.97,-2.84,3.3,22.87,1.27,2.385,209,170
5689,3.51,36.95,-2.71,3.06,24.85,1.67,2.424,333,334
5798,2.59,39.08,-2.74,2.25,27.17,2.01,2.375,267,214
5908,0.96,41.25,-2.97,1.24,29.71,2.52,2.317,388,399
6018,-1.51,43.17,-3.69,0.47,32.05,3.53,2.287,391,440
6127,nan,nan,nan,-0.45,34,4.44,2.234,326,349
6237,-5.58,46.52,-4.48,-0.26,35.18,5.02,2.199,360,375
6346,-6.04,47.52,-4.76,0.33,35.89,5.78,2.16,109,120
6456,-5.31,48.13,-3.76,0.72,36.63,6.23,2.141,310,288
6566,-2.91,48.5,-1.4,0.9,37.08,6.45,2.141,374,365
6675,-1.54,48.24,1.23,0.87,37.17,6.95,2.126,395,378
6785,1.29,47.24,5.47,1.56,37.08,8.12,2.146,415,399
6894,2.09,46.49,8.49,2.55,35.97,10.2,2.151,397,444
7004,4.76,45.96,11.9,4.47,34.69,11.19,2.141,412,480
7114,9.2,45.56,14.34,6.32,33.86,11.92,2.141,290,328
7223,9.63,45.98,15.19,7.44,33.52,12.66,2.136,390,407
7333,8.73,46.61,14.96,7.47,33.8,12.91,2.146,242,331
7442,7.42,47.63,13.83,7.15,34.71,12.53,2.151,228,183
7552,5.37,48.91,12.1,6.83,36.35,11.78,2.16,266,449
7662,2.49,49.97,10.07,5.98,38.01,11.1,2.165,358,570
7771,1.15,51.01,8.82,5.62,39.26,10.5,2.175,260,296
7881,1.61,52.18,8.46,5.88,40.04,10.21,2.18,265,284
7990,2.62,53.33,8.76,6.35,40.81,10.18,2.185,285,264
8100,3.59,54.25,8.93,7.04,41.35,10.22,2.185,358,380
8210,3.71,55.22,8.95,7.27,42.12,10.33,2.185,320,454
8319,3.11,55.99,8.74,7.17,42.87,10.42,2.19,344,352
8429,3.14,56.75,8.69,7.36,43.63,10.44,2.229,364,429
8538,4.08,57.68,8.81,7.9,44.23,10.33,2.243,353,425
8648,3.81,58.35,8.67,7.89,44.95,10.24,2.209,252,248
8758,3.72,59.05,8.61,7.89,45.67,10.18,2.195,387,422
8867,4.2,59.73,8.83,8.11,46.49,10.15,2.209,284,258
8977,4.42,60.35,8.98,8.25,47.15,10.17,2.214,336,271
9086,4.72,61.16,9.22,8.43,47.8,10.27,2.204,274,227
9196,4.81,61.83,9.42,8.58,48.46,10.44,2.195,309,327
9306,5.44,62.41,9.93,8.93,49,10.66,2.19,332,372
9415,6.49,62.93,10.69,9.47,49.48,10.96,2.195,355,381
9525,8.04,63.03,12.22,10.02,50.21,11.5,2.195,345,354
9634,9.9,63.05,13.89,9.91,50.65,11.6,2.195,139,157
9744,8.61,63.53,13.33,9.66,50.75,11.75,2.195,80,90
9854,8.78,64.2,13.21,10.09,50.94,11.86,2.195,350,337
9963,10.09,64.73,13.79,10.61,51.39,11.82,2.19,337,551
10073,9.95,65.22,13.86,10.58,51.96,11.91,2.18,238,345
10182,9.81,65.78,13.92,10.53,52.37,12.08,2.151,398,436
10292,9.16,66.39,13.85,10.42,52.78,12.29,2.141,115,129
10402,9.44,66.83,14.08,10.56,53.14,12.4,2.141,304,341
10511,10.47,67.34,14.64,11,53.47,12.44,2.146,366,424
10621,10.23,67.73,14.68,10.94,53.98,12.53,2.131,216,364
10730,10.32,68.18,14.84,11.05,54.37,12.64,2.067,195,183
10840,11.56,68.58,15.62,5.9,28.85,5.9,2.009,368,322
10950,11.52,68.89,15.72,11.38,55,12.83,2.009,374,453
11059,11.42,69.18,15.81,11.49,55.32,12.99,2.014,379,514
11169,12.96,69.58,16.69,12.2,55.51,13.16,2.023,379,468
11278,14.83,69.99,17.75,13.26,55.54,13.38,2.028,336,465
11388,15.42,70.42,18.18,13.67,55.74,13.52,2.033,357,392
11497,15.47,70.83,18.36,13.68,56.16,13.59,2.043,104,124
11607,15.38,71.12,18.36,13.64,56.64,13.62,2.043,288,279
11717,15.9,71.49,18.81,13.87,56.78,13.76,2.038,347,489
11826,15.96,72.06,18.81,13.98,56.73,13.81,2.038,182,220
11936,14.67,72.63,17.85,13.94,56.7,13.75,2.043,290,335
12046,13.97,73.2,17.34,13.96,56.99,13.69,2.038,260,322
12156,14.21,73.72,17.54,13.94,57.5,13.51,2.043,202,181
12265,14.22,74.18,17.53,13.88,58.16,13.31,2.043,244,203
12375,14.08,74.71,17.45,13.86,58.7,13.26,2.038,356,556
12484,14.44,75.09,17.8,13.97,59.17,13.31,2.038,362,408
12594,15.42,75.51,18.65,14.19,59.54,13.44,2.043,323,332
12703,15.75,75.81,19.1,14.42,59.83,13.63,2.043,321,376
12813,16.62,76.12,19.8,14.66,60.07,13.77,2.043,351,468
12923,17.28,76.35,20.41,14.91,60.37,13.92,2.067,385,508
13032,17.96,76.61,21.03,15.16,60.59,14.04,2.063,343,421
13142,18.67,76.86,21.7,15.45,60.8,14.24,2.077,305,390
13251,19.74,77.13,22.67,15.74,61.06,14.44,2.072,258,291
13361,20.7,77.36,23.61,16.04,61.28,14.67,2.072,105,122
13471,21.91,77.64,24.69,16.43,61.43,14.91,2.072,250,214
13580,23.01,77.92,25.69,16.63,61.51,15.08,2.072,127,117
13690,23.25,78,25.98,16.6,61.73,15.21,2.067,328,406
13799,23.33,78.22,25.97,16.56,61.9,15.09,2.072,189,168
13909,22.22,78.32,25.35,16.32,62.09,15,2.072,214,228
14019,21.45,78.3,24.69,16.03,62.44,14.63,2.072,344,360
14128,22.83,77.89,25.1,16.75,62.97,14.04,2.067,142,269
14238,21.8,78.29,25.03,15.4,63.01,13.98,2.043,347,402
14347,-2.71,14.11,-23.57,15.61,63.1,14.15,2.004,279,307
14457,21.71,79.06,24.95,15.78,63.3,14.15,2.028,162,243
14567,20.64,79.3,24.47,15.64,63.69,14.24,2.063,331,689
14676,21.56,79.45,25.25,15.91,63.97,14.36,2.151,323,632
14786,21.81,79.73,25.68,16.01,64.18,14.5,2.204,308,596
14895,23.82,80.03,27.14,16.53,64.3,14.55,2.131,118,256
15005,25.49,80.2,28.5,16.94,64.48,14.66,2.072,229,338
15115,27.21,80.36,30.04,17.26,64.62,14.79,2.092,134,183
15224,27.61,80.53,30.5,17.35,64.71,14.94,2.077,271,466
15334,28.01,80.79,31.03,17.5,64.78,15.15,2.067,320,519
15443,29.38,80.81,31.37,18.62,64.64,14.73,2.072,233,306
15553,35.26,80.31,34.78,21.36,64.62,14.49,2.102,313,333
15663,46.03,77.92,39.31,28.28,65.35,13.47,2.077,178,229
15772,71.15,75.27,50.69,48.72,67.59,16.75,1.975,369,442
15882,83.94,73.3,55.12,56.85,67.9,17.3,1.931,337,411
15991,76.47,74.22,51.91,57.14,68.47,18.8,1.911,275,365
16101,78.64,74.91,54.32,57.11,68.33,18.78,1.94,366,420
16211,81.1,75.19,56.48,56.58,68.36,18.45,1.955,320,366
16320,80.4,75.47,56.44,56.18,68.47,18.64,1.96,388,469
16430,81.4,75.69,57.73,55.74,68.35,18.48,1.96,398,484
16539,80.99,75.92,58.07,54.63,68.29,18.49,1.965,189,260
16649,77.43,76.9,59.87,45.06,67,18.11,1.965,240,243
16758,49.15,79.21,45.65,29.78,66.32,17.61,1.97,287,288
16868,43.63,80.52,41.57,26.9,66.62,16.53,1.975,256,355
16978,49.11,81.8,44.98,27.04,66.46,15.03,1.97,332,428
17087,48.86,82.15,45.12,27.03,66.52,15.01,1.975,327,388
17197,48.51,82.22,44.8,26.93,66.81,14.9,1.975,314,345
17306,52.39,82.33,47.86,27.13,67.17,14.68,1.979,290,287
17416,52.65,82.44,48.24,27.24,67.47,14.72,1.979,373,383
17525,54.96,82.54,50.23,45.8,61.15,45.61,1.979,186,205
17635,56.56,82.58,51.73,28.03,67.89,15,1.989,252,227
17745,57.97,82.58,53.05,28.39,68.02,15.22,1.994,348,397
17855,59.8,82.57,54.76,28.83,68.14,15.5,2.019,323,360
17964,62.14,82.54,56.87,29.44,68.25,15.85,2.048,355,431
18074,64.02,82.48,58.58,29.96,68.35,16.12,2.063,404,570
18184,65.39,82.53,59.88,30.33,68.55,16.24,2.063,154,190
18294,66.66,82.62,61.16,30.47,68.74,16.23,2.063,213,207
18404,67.77,82.71,62.31,30.56,68.98,16.33,2.072,210,208
18514,69.18,82.81,63.81,30.75,69.23,16.56,2.067,354,447
18624,71.31,82.87,65.86,31.13,69.45,16.81,2.067,230,214
18734,73.66,82.79,67.93,31.67,69.59,17.18,2.067,266,309
18880,74.51,82.72,68.98,32.06,70,17.94,2.067,319,343
18990,75.18,82.54,69.63,32.17,70.29,18.24,2.072,390,492
19099,75.61,82.36,70.07,32.47,70.68,18.61,2.067,398,427
19209,77.03,82.34,71.25,32.67,70.92,18.53,2.067,313,315
19319,77.91,82.4,72.01,32.66,71.07,18.36,2.072,102,126
19429,78.14,82.5,72.29,32.38,71.28,18.16,2.072,195,244
19538,78,82.58,72.36,32.03,71.38,18.02,2.072,363,370
19648,78.53,82.66,72.95,31.87,71.43,17.9,2.072,239,249
19758,79.04,82.71,73.44,31.83,71.45,17.77,2.077,320,364
19868,79.1,82.74,73.53,31.74,71.47,17.69,2.077,375,426
19977,79.47,82.76,73.89,31.7,71.46,17.6,2.082,359,520
20087,11.46,1.31,88.71,31.65,71.47,17.55,2.087,400,467
20197,79.86,82.79,74.29,31.57,71.48,17.5,2.082,184,230
20307,80.16,82.79,74.58,31.6,71.52,17.5,2.087,165,180
20416,80.58,82.77,74.94,31.71,71.56,17.53,2.092,271,268
20526,81.21,82.74,75.48,31.85,71.62,17.58,2.092,248,250
20636,81.83,82.74,75.94,31.89,71.66,17.46,2.092,374,383
20746,82.08,82.73,76.13,31.79,71.75,17.31,2.092,421,464
20856,82.22,82.76,76.26,31.65,71.81,17.17,2.092,378,443
20965,82.36,82.8,76.42,31.5,71.88,17.04,2.092,317,312
21075,82.64,82.83,76.75,31.32,71.96,16.92,2.097,337,360
21185,82.72,82.89,76.91,31.15,72.04,16.82,2.097,323,359
21295,82.91,82.93,77.16,30.99,72.11,16.72,2.087,161,184
21404,83.35,82.89,77.53,31.01,72.23,16.7,2.102,71,69
21514,83.81,82.91,77.95,30.95,72.31,16.61,2.131,134,178
21624,84.23,82.95,78.39,30.84,72.39,16.51,2.146,264,221
21734,84.49,82.97,78.64,30.78,72.45,16.42,2.248,293,299
21843,84.9,82.99,78.97,30.79,72.49,16.35,2.38,140,123
21953,85.4,83,79.45,0.66,18.79,-95.85,2.4,115,111
22063,85.84,82.99,79.83,30.88,72.56,16.31,2.424,216,193
22173,86.51,82.98,80.49,30.89,72.71,16.33,2.385,138,117
22282,90.39,82.94,84.29,31.4,73.01,16.83,2.351,405,467
22392,100.57,83.5,93.71,32.58,73.6,17.24,2.351,410,440
22502,110.35,83.5,101.91,35.02,74.35,18.2,2.361,213,168
22612,115.86,83.45,106.51,35.66,75.42,18.27,2.41,219,195
22721,119.53,84.09,111.53,33.86,75.65,17.99,2.414,342,368
22831,114.22,84.46,109.39,30.76,75.41,18.64,2.331,111,117
22941,97.69,85.36,98.96,21.04,75.02,17.58,2.283,337,337
23051,95.16,86.93,102.13,14.75,75.81,17.48,2.336,326,287
23160,120.1,87.1,125.22,13.43,77.34,15.42,2.37,306,304
23270,160.78,86.41,164.45,11.39,79.35,14.07,2.326,149,101
23380,-176.63,84.39,-171.3,11.96,80.92,16.1,2.312,389,393
23490,-168.83,82.43,-163.32,14.98,82.26,19.13,2.356,424,441
23599,-168.43,81.09,-163.03,18.63,83.5,22.82,2.366,272,199
23709,-171.41,80.17,-164.84,25.3,84.61,30.4,2.366,192,167
23819,-174.03,79.64,-166.27,34.71,85.26,41.13,2.366,193,185
23929,-172.04,79.14,-163.59,39.14,84.99,45.88,2.356,100,72
24039,-167.08,78.98,-158.94,37.58,84.33,43.86,2.336,344,319
24148,-166.09,79.46,-157.84,33.08,84.13,39.43,2.331,179,186
24258,-165.9,79.89,-156.54,25.23,84.46,32.71,2.322,324,307
24368,-159.35,80.05,-150.65,14.69,83.82,21.41,2.317,123,110
24477,-154.18,80.32,-146.58,10.61,82.79,15.87,2.312,307,353
24587,-152.61,81.47,-146.13,6.3,82.01,10.88,2.297,347,329
24697,-150.17,82.26,-144.17,2.73,81.41,6.99,2.297,334,368
24807,-147.2,82.67,-140.93,1.32,80.91,5.5,2.297,328,341
24916,-145.09,83.07,-139.06,0.66,80.46,4.6,2.292,197,157
25026,-143.92,83.34,-138.16,0.8,80.15,4.55,2.297,175,181
25136,-143.7,83.38,-138.12,2.16,79.93,5.8,2.322,280,258
25247,-145.5,83.5,-140.03,3.79,79.93,7.36,2.326,384,376
25356,-147.7,83.64,-142.67,5.41,79.91,8.74,2.326,300,342
25466,-149.88,83.59,-144.96,7.11,79.92,10.34,2.331,324,319
25576,-151.85,83.53,-147.08,8.36,80.02,11.56,2.336,272,282
25686,-153.32,83.3,-148.57,9.48,80.08,12.64,2.331,105,119
25796,-154.28,83.2,-149.39,10.5,80.21,13.74,2.331,263,279
25906,-155.23,83.15,-150.53,11.05,80.26,14.17,2.336,384,381
26016,-155.48,83.07,-150.65,11.34,80.31,14.49,2.331,304,268
26126,-155.63,83.05,-150.71,11.39,80.35,14.57,2.336,232,181
26236,-156.38,83.23,-151.54,11.11,80.45,14.29,2.341,86,85
26346,-157.15,83.34,-152.4,10.74,80.53,13.81,2.341,342,395
26455,-157.15,83.33,-152.58,10.58,80.5,13.46,2.346,248,218
26565,-157.14,83.33,-152.36,10.34,80.57,13.3,2.341,352,398
26675,-157.4,83.4,-152.73,9.89,80.59,12.79,2.346,417,438
26785,-157.52,83.41,-152.94,10.1,80.52,12.87,2.346,346,380
26895,-157.54,83.41,-153.01,10.42,80.42,13.09,2.346,420,464
27005,-157.63,83.43,-153.06,10.34,80.46,13.04,2.346,389,416
27115,-157.49,83.41,-152.91,10.16,80.44,12.82,2.346,244,231
27225,-157.68,83.46,-153.13,10,80.44,12.58,2.341,291,343
27335,-158.13,83.53,-153.65,9.73,80.48,12.26,2.346,325,378
27444,-158.23,83.56,-153.83,9.58,80.49,12.05,2.346,344,308
27554,-158.17,83.53,-153.87,9.67,80.47,11.99,2.346,346,364
27664,-158.34,83.48,-154,9.71,80.52,12.01,2.346,367,424
27774,-158.57,83.46,-154.23,9.56,80.58,11.85,2.346,186,164
27884,-158.89,83.44,-154.53,9.45,80.64,11.71,2.346,179,125
27994,-159.01,83.39,-154.7,9.61,80.67,11.78,2.346,316,277
28104,-159.22,83.36,-154.97,9.69,80.68,11.8,2.346,315,338
28214,-159.59,83.34,-155.4,9.76,80.68,11.8,2.346,217,198
28324,-159.6,83.32,-155.43,9.8,80.69,11.79,2.346,164,129
28434,-159.59,83.3,-155.48,9.64,80.72,11.58,2.346,85,79
28544,-159.59,83.3,-155.52,9.58,80.74,11.47,2.331,287,269
28654,-159.77,83.3,-155.72,9.46,80.75,11.3,2.336,325,276
28763,-159.66,83.31,-155.67,9.32,80.74,11.07,2.341,122,138
28873,-159.57,83.31,-155.61,9.07,80.73,10.77,2.336,210,190
28983,-159.48,83.33,-155.54,8.93,80.7,10.58,2.341,95,102
29093,-159.34,83.35,-155.42,8.72,80.69,10.3,2.336,303,288
29203,-159.22,83.36,-155.33,8.57,80.65,10.08,2.287,352,400
29313,-159.11,83.39,-155.25,8.37,80.63,9.83,2.273,285,345
29423,-158.95,83.46,-155.26,8.12,80.57,9.44,2.326,396,400
29533,-158.82,83.59,-155.73,7.76,80.41,8.73,2.346,376,492
29643,-158.02,83.65,-155.93,7.56,80.08,7.79,2.341,368,417
29753,-157.12,83.71,-154.8,7.48,79.95,7.67,2.361,293,312
29863,-156.27,83.84,-153.42,7.02,79.91,7.38,2.361,94,121
29973,16.71,-24.5,95.87,5.82,79.74,5.94,2.346,34,44
30082,-154.27,84.49,-150.42,5.24,79.6,5.43,2.351,362,322
30192,-152.05,84.82,-147.06,4.51,79.48,4.88,2.356,311,308
30302,-148.61,84.9,-142.25,3.15,79.58,3.92,2.356,394,398
30412,-146.73,85.4,-139.34,1.33,79.65,2.22,2.356,417,466
30522,-145.76,86.01,-139.2,-0.21,79.5,0.1,2.346,249,216
30632,-145.43,86.13,-139.46,-0.86,79.32,-1.22,2.341,157,91
30742,-144.2,86.2,-137.52,-0.78,79.34,-1.06,2.346,242,221
30852,-144.68,86.49,-138.74,-0.49,79.2,-1.26,2.356,260,186
30962,-145.72,86.47,-140.35,-0.13,79.07,-1.29,2.366,354,303
31071,-142.97,86.21,-136.4,-0.18,79.16,-0.92,2.375,107,249
31181,-141.99,86.18,-135.36,22.91,-18.4,78.53,2.317,300,308
31291,-140.68,86.14,-134.16,-1.02,79.1,-1.69,2.278,136,137
31401,-137.64,86.18,-131.16,-1.53,78.96,-2.15,2.322,110,71
31511,-136.29,86.24,-130.05,-1.63,78.78,-2.43,2.336,253,221
31621,-136.53,86.4,-131.23,-1.13,78.6,-2.5,2.444,380,377
31731,-138.12,86.4,-133.52,-0.47,78.48,-2.45,2.644,398,389
31841,-139.48,86.41,-135.08,0.13,78.5,-2.01,2.361,390,499
31951,-143.14,86.59,-139.34,1.12,78.53,-1.2,2.273,405,468
32061,-146.55,86.9,-142.72,0.81,78.73,-1.23,2.239,346,385
32170,-149.55,87.36,-145.47,0,79.06,-1.9,2.248,136,150
32280,-149.2,87.33,-145.45,0.51,78.69,-1.9,2.278,355,364
32390,-146.16,87.11,-141.91,6.39,78.12,5.2,2.307,255,387
32500,-148.63,87.58,-144.19,1.82,78.17,-0.49,2.322,333,453
32610,-158.01,87.87,-155.09,2.39,78.11,-0.97,2.278,250,294
32720,156.55,88.02,159.87,4.78,78.17,1.3,2.146,103,178
32830,111.05,86.92,116.41,12.09,79.75,10.64,2.151,45,62
32940,117.8,86.59,122.07,19.75,78.24,16.62,2.17,295,340
33050,143.93,85.58,142.78,22.07,78.33,15.9,2.41,331,401
33160,160.16,84.86,158.56,26.75,78.88,20.2,2.59,377,379
33270,167.07,83.66,166.61,30.22,79.69,24.4,2.576,216,206
33380,169.07,82.4,168.44,33.16,80.57,27.91,2.512,205,213
33490,169.77,81.58,169.92,35.11,81.56,30.99,2.395,283,291
33600,171.14,81.19,170.96,35.19,81.95,31.82,2.317,415,433
33710,173.01,81.52,173,33.32,81.81,30.16,2.346,126,141
33819,-178.51,82.25,-179.09,30.37,80.49,26.26,2.263,344,379
33929,-179.06,83.92,-179.59,27.29,78.77,22.84,2.248,217,308
34039,169.95,85.55,173.04,23.68,76.94,20.27,2.155,185,321
34149,135.96,86.38,141.16,21.66,77.51,19.43,2.072,350,391
34259,128.5,87.51,135.4,14.65,79.96,12.77,2.131,351,329
34369,118.78,88.98,127.16,6.6,79.27,6.1,2.097,315,286
34479,16.26,89.57,27.07,4.51,77.7,6.69,2.072,311,301
34589,-41.85,88.53,-28.22,1.94,75.64,8.4,2.072,263,333
34699,-63.26,86.95,-43.67,-3.44,74.08,10.75,2.107,346,339
34809,-92.53,85.94,-65.44,-118.52,0.08,179.94,2.028,345,318
34919,-147.54,83.73,-123.39,-2.14,78.99,21.81,2.082,390,437
35028,-158.51,80.42,-129.75,17.24,82.04,43.9,2.356,376,254
35138,-163.59,78.21,-126.51,36.76,83.92,67.45,2.38,398,438
35248,-162.96,76.53,-124.82,50.71,83.35,81.93,2.331,382,403
35358,-170.43,75.85,-127.23,65.86,82.95,100.07,2.307,260,226
35469,-174.43,75.55,-128.71,72.84,81.8,109.62,2.234,347,400
35579,179.89,75.85,-131.85,73.3,80.08,111.97,2.16,384,435
35689,171.62,76.39,-135.84,73.33,78,115.35,2.038,282,344
35799,157.42,77.02,-147.54,71.4,75.42,115.64,2.028,350,396
35909,141.41,76.85,-160.52,69.97,73.41,112.48,2.009,170,137
36019,134.11,76.73,-164.36,63.97,71.57,113.22,2.053,166,168
36128,130.34,78.31,-163.31,64.39,74.19,118.32,2.077,163,158
36238,130.13,79.99,-158.63,56.88,74.54,117.16,2.111,197,273
36348,125.75,80.17,-163.9,55.14,73.47,114.36,2.209,305,471
36458,120.96,79.59,-168.61,53.61,72.12,113.45,2.312,208,237
36568,120.36,79.4,-166.2,54.62,71.23,116.74,2.546,197,160
36678,124.28,79.16,-161.25,55.63,70.94,119.39,2.18,394,405
36788,140.45,78.97,-147.13,56.09,72.47,120.33,2.082,250,409
36898,162.7,78.73,-123.19,57.58,75.74,125.4,2.18,381,386
37008,-177.46,76.81,-104.89,61.44,78.57,127.72,2.375,426,526
37118,-170.4,75.19,-98.42,65.63,81.29,131.38,2.146,255,190
37228,-163.68,73.84,-93.15,66.99,84.09,131.73,1.95,410,312
37338,-159.17,72.51,-88.49,71.79,86.45,136.04,1.97,327,346
37447,-156.55,71.67,-85.72,82.11,88.97,146.52,2.082,102,116
37557,-151.95,71.5,-83.49,-106.62,88.08,-42.46,2.131,255,212
37667,-147.59,72,-80.55,-104.37,84.52,-40.04,2.146,283,406
37777,-143.56,74.48,-77.19,-105.79,79.36,-41.14,2.175,255,374
37887,-140.48,79.5,-74.52,-109.79,73.54,-46.53,2.17,378,495
37997,-148.97,81.99,-84.76,-108.46,76.34,-47.41,2.097,414,468
38107,179.04,83.39,-117.62,-87.94,84.35,-30.57,2.063,355,363
38217,162.31,81.64,-137.86,16.93,83.94,70.75,2.116,205,184
38327,156.93,80.88,-143.62,37.59,78.5,88.18,2.165,367,378
38437,152.71,81,-145.35,42.66,76.13,94,2.111,108,126
38546,155.91,80.61,-145.26,46.44,76.83,96.91,2.199,66,44
38656,161.13,80.37,-142.59,50.73,78.34,101.11,2.434,366,307
38766,167.97,79.36,-136.79,53.58,79.55,103.71,2.454,333,340
38876,169.69,78.56,-135.56,57.4,80.3,107.51,2.322,229,233
38986,170.38,77.95,-135.4,59.91,80.72,109.35,2.239,98,159
39096,-59.43,8.21,102.35,60.19,80.27,108.97,2.346,112,182
39206,172.12,78.2,-133.78,58.31,79.09,106.98,2.483,224,375
39316,162.94,78.95,-142.85,58.17,77.51,106.82,2.502,922,922
39426,145.33,79.14,-159.34,57.48,75.39,106.83,2.537,922,922
39536,129.93,78.7,-171.86,55.89,73.03,104.62,2.571,922,922
39646,124.1,77.68,-175.95,52.83,72.15,102.06,2.586,922,922
39789,127.53,81.58,-172,36.28,81,88.78,2.581,922,922
39899,157.48,84.97,-141.07,-30.45,84.74,23.04,2.532,923,922
40008,-157.18,84.47,-96.44,-73.79,80.98,-20.81,2.449,921,907
40118,-140.06,82.45,-81.41,-90.62,76.54,-39.24,2.498,418,480
40228,-139.02,82.09,-83.09,-93.54,76.88,-44.41,2.292,278,303
40338,-149.69,83.46,-97.86,-93.86,79.43,-44.92,2.087,238,237
40448,-158.98,84,-109.44,-97.37,80.59,-49.2,2.229,244,233
40557,-161.61,83.28,-111.86,-101.01,81.09,-52.54,2.126,103,94
40667,-161.68,82.86,-112.27,-101.53,81.37,-53.22,2.092,266,210
40777,-160.85,82.89,-112.08,-100.42,81.4,-52.5,2.141,394,413
40887,-157.53,83.18,-108.37,-99,81.14,-50.74,2.151,269,232
40997,-150.77,83.5,-101.75,-93.59,80.57,-45.96,2.102,145,120
41107,-145.95,83.64,-96.76,-85.92,80.16,-38.4,2.092,113,112
41217,-145.03,82.36,-95.49,-79.75,80.99,-33.24,2.102,304,297
41326,-150.07,82.23,-102.83,-36.19,82.63,5.59,2.116,99,111
41436,-159.72,83.27,-116.39,1.11,80.47,37.43,2.121,326,381
41546,-175.66,84.27,-134.41,14.49,79.09,47.21,2.116,191,287
41656,-163.15,83.65,-124.42,16.26,79.69,48.29,2.087,267,364
41766,-155.16,82.71,-116.51,18.13,79.67,50.14,2.121,129,155
41875,-156.09,82.35,-118.12,18.42,80.01,50.29,2.141,363,291
41985,-156.86,82.09,-118.16,17.98,80.6,50.48,2.151,244,177
42095,-155.49,81.8,-117.28,18.59,80.54,51.26,2.16,319,210
42205,-155.71,81.55,-118.13,20.16,80.37,52.54,2.17,367,366
42315,-155.93,81.4,-117.99,22.05,80.56,54.63,2.18,158,128
42424,-157.05,81.35,-119.31,23.03,80.65,55.45,2.19,373,327
42534,-157.73,81.27,-119.9,23.25,80.75,55.71,2.195,424,471
42644,-157.14,81.06,-119.34,23.47,80.74,55.87,2.204,300,301
42754,-156.28,80.86,-118.42,24.06,80.61,56.37,2.278,203,186
42864,-162.06,81.36,-125.6,23.33,80.04,55,2.375,353,322
42974,-166.87,81.27,-130.13,23.52,80.34,55.04,2.38,396,423
43083,-167.6,80.96,-129.71,24.3,80.79,56.02,2.458,320,375
43193,-167.75,80.82,-128.91,24.6,81.05,56.97,2.649,250,193
43303,-167.15,80.72,-128.1,24.64,81.13,57.13,2.595,385,376
43413,-167.74,80.79,-128.67,24.72,81.27,57.13,2.488,393,437
43523,-168.3,80.78,-129.36,24.63,81.31,56.96,2.61,312,188
43632,-168.25,80.73,-129.55,24.63,81.32,56.63,2.463,331,234
43742,-168.37,81.03,-129.84,24.2,81.25,56.22,2.253,290,168
43852,-171.21,81.99,-133.02,21.67,81.21,54.23,2.195,178,111
43962,178.31,83.56,-144.56,15.63,81.61,48.65,2.292,148,49
44072,178.86,83.94,-143.01,10.06,81.47,43.29,2.444,322,367
44181,-176.94,84.2,-135.73,0.97,82.57,36.33,2.63,170,145
44291,-157.47,84.68,-111.5,-42.4,83.12,-1.27,2.219,410,341
44401,-168.21,84.77,-119.6,-49.71,83.66,-6.69,2.361,472,429
44511,-178.9,84.89,-129.16,-66.83,85.01,-22.37,2.586,263,202
44621,177.42,84.19,-132.58,-69.46,85.85,-25.25,2.297,249,376
44730,-169.64,81.65,-120.51,-42.63,86.28,0.33,2.126,358,344
44840,-157.18,79,-107.4,6.52,85.45,48.59,2.043,415,455
44950,-154.12,78.58,-106.54,24.42,84.24,63.01,1.979,303,263
45060,-160.83,79.93,-118.13,29.27,82.94,65.34,1.96,234,206
45170,-169.73,81.91,-129.92,19.78,82.5,55.48,1.979,211,217
45279,143.09,84.04,-173.76,18.28,83.05,55.87,2.063,120,120
45389,150.16,84.95,-162.51,23.6,77.61,63.54,2.151,60,46
45499,148.03,83.74,-170.9,27.42,77.14,64.74,2.297,60,39
45609,120.9,81.95,166.91,32.32,78.65,73.86,2.537,294,242
45719,100.36,78.01,148.04,38.36,80.4,82.06,2.38,163,153
45828,90.94,73.71,137.93,46.94,81.6,90.23,2.058,271,378
45938,82.95,70.61,130.76,56.07,82.84,98.65,1.916,101,114
46048,79.36,67.62,126.91,66.3,84.13,107.68,1.906,281,268
46158,75.43,65.51,123.9,72.87,84.94,113.79,1.901,319,303
46268,74.08,64.77,122.66,72.21,85.27,112.84,1.901,320,358
46378,74.59,65.7,122.45,67.13,84.91,107.34,1.94,317,316
46488,77.14,67.88,124.2,59.43,83.95,99.77,1.945,104,104
46598,81.3,71.26,127.62,52.19,82.54,92.6,1.945,209,201
46708,88.53,75.63,134.1,45.65,81.11,85.79,1.945,395,389
46818,106.25,80.71,152.3,38.98,79.54,78.32,1.95,268,239
46928,155.4,84,-157.82,35.2,78.66,73.27,1.955,184,166
47037,-167.37,82.46,-120.64,33.16,78.78,70.48,1.96,283,305
47147,-154.94,80.25,-108.36,31.38,79.51,68.56,1.96,345,362
47257,-150.53,79.15,-104.03,29.05,80.09,66.23,1.97,102,112
47367,-147.34,78.42,-101.93,27.36,80.13,64.18,1.965,161,139
47477,-147.9,78.51,-102.67,27.03,80.37,63.9,1.97,189,144
47587,-147.44,78.54,-102.97,26.42,80.22,62.86,1.975,274,233
47697,-146.93,78.6,-102.47,26.16,80.04,62.45,1.975,208,169
47807,-146.26,78.68,-102.22,19.27,26.24,-178.89,1.975,268,261
47923,-146.13,78.9,-102.08,25.14,79.69,61.09,2.019,185,214
48034,-145.8,79,-102.01,24.72,79.56,60.52,2.229,362,387
48145,-145.88,79.06,-102.12,24.6,79.45,60.29,2.434,395,461
48256,-146.02,79.16,-102.48,24.64,79.32,60.13,2.625,131,125
48366,-146.4,79.2,-102.89,24.85,79.28,60.25,2.375,149,72
48477,-146.7,79.23,-103.24,25.07,79.22,60.39,2.209,246,165
48588,-147.06,79.3,-103.65,25.4,79.19,60.65,2.102,363,149
48699,-147.46,79.37,-104.12,25.76,79.11,60.91,2.048,126,87
48810,-147.62,79.43,-104.39,26.02,79.01,61.06,1.994,80,52
48920,-147.8,79.55,-104.63,26.34,78.92,61.31,1.955,80,50
49030,-150.61,80.37,-107.87,27.26,78.8,62.23,1.935,237,143
49140,-169.34,82.44,-127.16,29.05,78.95,64.48,1.935,922,921
49249,154.25,83.47,-162.25,29.46,79.02,67.33,1.994,922,922
49359,120.99,81.98,165.07,30.33,79.95,69.76,2.087,617,366
49468,102.31,79.3,146.55,34.31,80.77,74.5,2.199,163,93
49578,91.69,76.19,135.48,41.54,82.07,81.65,2.38,221,151
49688,85.98,73.15,129.68,49,83.35,88.69,2.566,227,165
49797,80.51,70.18,125.02,56.4,84.29,95.38,2.307,309,178
49907,77.63,67.94,122.92,62.92,85.05,101.41,2.028,197,226
50017,74.11,65.88,120.6,68.86,85.55,106.86,1.867,245,218
50126,72.08,63.95,118.69,75.23,85.8,112.48,1.823,237,183
50236,70.62,62.84,117.85,74.7,85.93,111.77,1.808,401,458
50345,70.69,62.91,118.03,71.76,85.95,108.84,1.784,365,333
50455,73.22,64.96,119.68,66.56,85.41,103.67,1.828,225,172
50564,77.22,68.13,123.05,59.03,84.23,96.72,1.838,213,163
50674,83.2,72.28,128.5,51.26,82.96,89.49,1.838,246,192
50784,92.54,77.08,137.51,43.56,81.38,81.5,1.833,91,100
50893,112.97,81.66,158.53,37.47,79.76,74.54,1.838,298,331
51003,158.62,83.78,-155.22,34.6,78.74,70.84,1.852,257,274
51112,-166.63,82.45,-119.37,34.01,78.72,69.68,1.926,97,110
51222,-152.5,80.2,-106.05,32.28,78.91,67.65,1.97,209,155
51332,-148.04,78.7,-101.3,31.14,79.27,66.53,1.999,350,330
51441,-145.29,77.02,-99.04,27.6,79.32,62.52,2.014,316,239
51551,-145.58,75.99,-100.21,25.83,79.6,60.27,2.033,395,346
51660,-145.65,75.8,-100.3,24.4,79.71,58.72,2.033,119,457
51770,-145.7,75.58,-100.18,23.25,79.69,57.51,2.028,313,314
51879,-145.16,75.5,-99.42,21.75,79.64,55.99,2.023,263,358
51989,-144.76,75.5,-98.93,20.87,79.61,55.13,2.023,344,310
52099,-144.71,75.73,-98.94,20.85,79.58,55.08,2.028,365,380
52208,-145.16,77.72,-101.61,25.32,79.56,59.25,2.033,297,277
52318,-146.3,79.1,-105.04,29.62,79.56,63.06,2.043,98,99
52428,-150.65,79.39,-110.16,28.29,78.88,62.52,2.092,54,42
52537,-153.12,79.47,-112.86,28.4,78.54,62.72,2.155,284,229
52647,-153.89,79.39,-113.41,29.02,78.73,63.5,2.263,423,356
52756,-153.79,79.36,-113.12,29.64,78.9,64.19,2.454,253,357
52866,-152.83,79.24,-111.99,29.67,79.24,64.4,2.566,119,130
52976,-151.3,79.16,-109.65,30.21,79.93,64.84,2.59,74,97
53085,-150.03,79.02,-107.44,29.69,80.3,64.46,2.59,259,343
53195,-149.33,79.17,-106.87,27.93,80.14,62.22,2.61,379,689
53305,-148.31,79.59,-105.79,25.62,79.89,59.8,2.561,361,635
53414,-147.04,80.11,-104.37,22.24,79.51,56.53,2.571,386,650
53524,-145.59,81.32,-102.99,18.2,79.04,52.72,2.556,374,586
53632,-147.18,83.31,-104.67,13.65,78.31,48.61,2.527,236,369
53742,-157.06,85.65,-113.82,10.13,76.78,45.36,2.551,332,407
53852,-161.09,86.8,-116.67,1.34,76.67,39.61,2.571,301,427
53961,-139.26,86.57,-93.01,-17.1,78.97,21.42,2.556,278,235
54071,-145.74,85.59,-100.52,-23.74,80.31,13.87,2.488,121,127
54180,-155.45,85.77,-112.93,-20.95,80.62,14.38,2.419,303,343
54290,-164.37,85.85,-121.88,-21.29,81.17,15.01,2.312,105,138
54399,-169.11,85.43,-126.85,-23.83,82.14,13.15,2.224,273,293
54509,-168.56,85.13,-127.13,-25.59,82.73,10.78,2.263,306,308
54619,-167.96,84.86,-126.42,-26.9,83.1,9.65,2.297,106,115
54728,-165.06,84.77,-123.54,-25.3,82.85,11.25,2.248,272,284
54838,-163.7,85.18,-122.56,-23.65,82.41,12.5,2.165,372,416
54947,-156.39,85.81,-115.11,-23.48,81.65,11.49,2.195,249,307
55057,-152.99,85.64,-111.36,-22.77,81.36,11.2,2.326,314,269
55167,-149.61,85.27,-107.62,-17.6,80.86,15.53,2.527,138,109
55276,-155.81,85.78,-114.39,-1.33,80.67,28.37,2.654,922,921
55386,-173.11,86.45,-135.54,11.47,79.11,36.57,2.669,922,922
55495,170.19,86.43,-155.59,20.7,78.45,40.54,2.59,922,922
55605,166.27,85.23,-164.2,27.47,79.21,41.07,2.493,922,634
55714,165.02,84.72,-168.28,29.58,79.75,43.66,2.41,922,922
55824,177.45,83.75,-156.83,31.45,80.51,45.71,2.366,922,549
55934,-172.3,82.8,-149.31,33.79,80.34,46.53,2.336,922,404
56043,-177.33,82.51,-157.08,38.71,79.51,49.09,2.307,827,379
56153,160.19,82.35,179.14,42.12,79.02,51.44,2.302,658,552
56263,-4.55,15.57,22.52,42.75,78.71,51.18,2.312,646,153
56372,114.87,79.93,132.25,43.02,78.79,51.76,2.307,922,687
56482,105.6,79.88,124.86,41.15,78.62,50.69,2.307,922,691
56592,99.35,80.45,120,36.36,77.5,46.3,2.297,833,471
56701,96.76,80.67,118.22,33.37,76.24,43.23,2.287,307,281
56811,93.76,80.91,115.45,31.36,75.27,41.12,2.278,718,655
56920,92.13,81.13,113.7,29.92,74.64,39.22,2.273,379,383
57030,89.67,81.46,111.76,28.5,74.32,37.98,2.258,188,238
57139,87.15,81.84,110.08,27.54,74.09,37.37,2.248,75,364
57249,88,81.88,110.78,27.49,73.81,37.02,2.243,68,88
57359,88.54,81.82,111.01,27.92,73.84,37.22,2.258,356,400
57468,89.04,81.85,111.58,28.41,73.92,37.56,2.258,305,340
57578,90.37,81.83,112.79,28.9,73.96,37.93,2.258,287,414
57687,91.69,81.87,114.14,29.42,73.99,38.33,2.253,107,272
57797,92.78,81.97,115.37,29.7,73.99,38.59,2.253,282,325
57907,94.09,82.06,116.76,29.9,74.01,38.74,2.253,295,320
58016,94.91,82.2,117.72,30.02,74.02,38.83,2.248,91,105
58126,95.98,82.37,118.74,29.93,73.99,38.61,2.248,336,374
58235,96.23,82.41,118.96,29.73,73.87,38.29,2.248,200,223
58345,97.24,82.5,120.1,29.18,73.86,37.6,2.248,243,289
58455,96.72,82.6,119.71,28.67,74.1,37.02,2.243,89,204
58564,95.74,82.68,118.87,0.07,-0.1,76.16,2.239,286,363
58674,95.32,82.84,118.7,27.39,74.27,36.01,2.239,378,465
58783,95.72,82.93,119.2,27.19,74.23,35.81,2.239,334,386
58893,95.61,83.03,119.2,26.96,74.26,35.6,2.239,645,786
59002,95.12,83.12,118.76,26.73,74.26,35.38,2.239,922,922
59112,95.6,83.18,119.21,26.56,74.22,35.13,2.239,922,922
59222,95.83,83.27,119.38,26.4,74.19,34.86,2.239,922,922
59331,95.5,83.35,119.07,26.15,74.21,34.58,2.243,922,922
59441,95.72,83.42,119.26,26.01,74.22,34.34,2.253,922,922
59550,96.06,83.45,119.46,25.89,74.17,34.08,2.253,922,922
59660,96.16,83.51,119.48,25.66,74.11,33.74,2.253,923,922
59770,96.14,83.57,119.44,25.47,74.11,33.52,2.253,922,922
59879,95.75,83.61,119.07,25.33,74.1,33.35,2.253,922,922
59989,95.72,83.63,118.99,25.2,74.1,33.18,2.253,922,922
60098,95.49,83.66,118.84,25.12,74.1,33.09,2.253,922,923
60208,95.55,83.67,118.82,25.1,74.07,32.96,2.253,879,921
60344,95.43,83.67,118.61,25.11,74.03,32.84,2.258,104,178
60454,94.61,83.57,117.74,24.97,74.01,32.71,2.229,349,405
60563,94.29,83.52,117.34,24.95,74.09,32.7,2.219,105,144
60673,94.66,83.54,117.76,24.94,74.14,32.68,2.219,889,617
60782,95.59,83.53,118.64,25.05,74.13,32.72,2.185,923,922
60891,95.74,83.58,118.94,25.05,74.17,32.78,2.146,922,922
61001,96.22,83.56,119.34,25.17,74.22,32.83,2.136,414,436
61110,96.11,83.59,119.27,25.24,74.23,32.81,2.141,363,482
61220,96.29,83.6,119.3,25.29,74.22,32.69,2.141,922,908
61329,96.5,84.03,119,25.25,74.19,32.56,2.146,922,922
61439,95.39,83.57,118.26,25.08,74.12,32.35,2.146,658,675
61548,95.58,83.65,118.9,24.21,73.76,32.14,2.155,267,202
61657,92.78,83.74,116.28,23.43,73.44,31.83,2.16,89,82
61767,89.86,83.64,113.03,22.61,73.12,30.89,2.165,170,183
61876,87.05,83.8,110.25,21.69,72.69,29.98,2.17,493,213
61986,84.97,84.07,108.08,21.1,72.17,29.14,2.175,922,801
62095,84.28,84.1,107.07,20.91,71.79,28.65,2.175,922,921
62205,82.67,84.11,105.49,20.84,71.58,28.5,2.175,922,922
62314,82.36,84.06,104.99,20.93,71.52,28.38,2.18,922,360
62424,82.32,84.04,104.82,21.22,71.53,28.41,2.185,922,907
62533,83.07,83.98,105.44,21.47,71.56,28.53,2.185,922,467
62643,83.8,83.94,106.17,21.69,71.67,28.71,2.19,770,363
62752,84.68,83.93,107.11,21.94,71.81,28.95,2.195,887,812
62861,85.88,83.89,108.26,22.13,71.91,29.1,2.195,922,744
62971,86.79,83.86,109.15,22.37,72.06,29.28,2.199,922,906
63080,87.58,83.8,109.83,22.7,72.22,29.45,2.195,922,922
63190,88.52,83.78,110.74,22.96,72.3,29.59,2.199,922,575
63299,89.44,83.76,111.53,23.1,72.39,29.6,2.199,922,921
63409,89.77,83.75,111.82,23.15,72.46,29.59,2.199,922,923
63518,90.27,83.74,112.24,23.16,72.51,29.51,2.199,922,922
63627,90.63,83.73,112.55,23.16,72.55,29.45,2.204,922,922
63737,90.84,83.74,112.73,23.13,72.59,29.37,2.204,922,922
63846,90.93,83.74,112.77,23.19,72.66,29.33,2.204,922,922
63956,91.05,83.74,112.84,23.21,72.72,29.25,2.204,922,922
64065,91.28,83.75,113.06,23.19,72.74,29.16,2.209,922,922
64175,91.51,83.74,113.19,23.17,72.76,29.05,2.214,923,922
64284,91.68,83.74,113.33,23.17,72.78,28.97,2.209,922,922
64393,91.75,83.75,113.35,23.15,72.79,28.86,2.214,922,922
64503,91.81,83.75,113.32,49.76,65.15,69.63,2.214,922,922
64612,91.83,83.75,113.23,23.29,72.87,28.69,2.219,422,808
64722,92.07,83.75,113.39,23.28,72.88,28.63,2.214,272,316
64831,92.21,83.75,113.51,23.26,72.91,28.57,2.214,337,575
64941,92.2,83.76,113.47,23.22,72.93,28.48,2.219,244,296
65050,92.42,83.75,113.68,23.19,72.96,28.44,2.219,347,468
65159,92.55,83.76,113.8,23.17,72.99,28.39,2.214,337,436
65269,92.86,83.77,114.05,23.19,73.03,28.31,2.214,554,701
65378,93.13,83.76,114.19,23.25,73.05,28.25,2.219,922,922
65488,93.25,83.74,114.26,23.28,73.06,28.21,2.214,339,301
65597,93.25,83.73,114.23,23.33,73.05,28.19,2.214,292,431
65707,93.33,83.73,114.31,23.36,73.04,28.18,2.219,253,281
65816,93.35,83.72,114.33,23.43,73.04,28.2,2.219,249,253
65926,93.15,83.72,114.12,23.36,73.03,28.1,2.219,222,232
66035,93.38,83.71,114.3,23.38,73.03,28.06,2.219,134,90
66145,93.39,83.72,114.29,23.33,73.02,27.95,2.219,306,323
66254,93.38,83.71,114.22,23.33,73,27.88,2.219,179,159
66363,93.4,83.71,114.16,23.34,72.98,27.79,2.219,136,164
66473,93.36,83.71,114.09,23.31,72.97,27.69,2.214,144,122
66582,93.42,83.73,114.11,23.28,72.94,27.59,2.214,922,922
66692,93.12,83.73,113.76,23.28,72.95,27.5,2.219,922,922
66801,93.13,83.73,113.71,23.31,72.95,27.45,2.214,922,922
66910,93.05,83.73,113.64,23.29,72.93,27.4,2.214,922,922
67020,93.01,83.73,113.54,23.27,72.92,27.34,2.219,922,922
67129,92.88,83.75,113.37,23.25,72.91,27.24,2.219,922,922
67239,92.92,83.75,113.36,23.26,72.87,27.16,2.214,922,922
67349,92.78,83.76,113.16,23.2,72.86,26.99,2.209,922,922
67458,92.72,83.76,113.05,23.18,72.86,26.91,2.209,922,922
67568,92.72,83.75,113.03,23.18,72.88,26.85,2.214,922,922
67678,92.68,83.76,112.97,23.17,72.87,26.79,2.214,922,922
67787,92.77,83.77,113.01,23.15,72.86,26.68,2.214,922,922
67897,92.59,83.78,112.82,23.14,72.85,26.61,2.214,922,922
68006,92.65,83.8,112.88,23.12,72.83,26.51,2.214,922,922
68116,92.72,83.81,112.88,23.16,72.82,26.47,2.214,922,922
68226,92.45,83.79,112.53,23.33,72.81,26.53,2.214,922,922
68335,92.51,83.78,112.51,23.5,72.75,26.55,2.214,922,922
68445,92.4,83.75,112.28,23.61,72.65,26.5,2.214,922,922
68554,91.95,83.72,111.73,23.63,72.6,26.38,2.214,922,922
68664,91.46,83.71,111.14,23.62,72.56,26.22,2.214,922,921
68774,91.36,83.69,110.96,23.6,72.52,26.11,2.214,922,921
68883,91.13,83.69,110.77,23.55,72.53,26.06,2.214,457,652
68993,91.38,83.7,111,23.56,72.52,26.02,2.214,264,415
69102,91.43,83.69,111.03,23.58,72.53,25.98,2.214,188,233
69212,91.57,83.71,111.14,23.54,72.54,25.89,2.214,490,439
69322,91.75,83.71,111.26,2.71,2.27,-79.32,2.214,204,151
69431,92.08,83.7,111.5,23.59,72.57,25.76,2.214,922,922
69541,91.87,83.7,111.29,23.58,72.57,25.69,2.214,923,922
69650,92.18,83.7,111.51,23.59,72.57,25.6,2.214,922,922
69760,92.08,83.7,111.39,23.63,72.58,25.58,2.214,922,922
69870,92.05,83.7,111.37,23.61,72.56,25.54,2.214,922,922
69979,92.01,83.71,111.32,23.61,72.57,25.47,2.214,922,922
70089,92.07,83.73,111.33,23.59,72.57,25.39,2.214,922,922
70198,91.88,83.75,111.15,23.59,72.56,25.36,2.214,922,922
70308,91.89,83.75,111.12,23.59,72.57,25.29,2.214,922,922
70418,nan,nan,nan,23.58,72.56,25.19,2.214,922,922
70527,91.69,83.75,110.84,23.55,72.53,25.1,2.214,922,922
70637,91.58,83.75,110.66,23.53,72.53,25,2.219,420,726
70746,91.59,83.75,110.62,23.55,72.53,24.93,2.219,346,440
70856,91.64,83.73,110.66,23.5,72.53,24.84,2.219,216,207
70966,91.57,83.72,110.52,23.52,72.53,24.79,2.214,921,921
71075,91.58,83.71,110.47,23.57,72.52,24.77,2.214,921,921
71185,91.64,83.7,110.48,23.64,72.52,24.75,2.219,330,342
71294,91.46,83.68,110.27,23.66,72.52,24.72,2.214,298,317
71404,91.66,83.67,110.44,23.69,72.52,24.67,2.214,923,922
71514,91.57,83.66,110.31,23.74,72.52,24.64,2.214,923,922
71623,91.51,83.65,110.23,23.75,72.52,24.59,2.219,922,922
71733,91.59,83.64,110.27,23.73,72.52,24.5,2.219,923,921
71842,91.68,83.66,110.36,23.76,72.5,24.48,2.219,922,922
71952,91.71,83.66,110.35,23.77,72.49,24.42,2.219,922,922
72062,91.67,83.66,110.23,23.78,72.48,24.32,2.219,922,922
72171,90.7,75.29,117.53,23.78,72.49,24.22,2.219,922,922
72281,91.53,83.65,109.95,23.78,72.47,24.14,2.219,922,922
72390,91.7,83.65,110.1,23.8,72.47,24.1,2.219,355,335
72500,91.89,83.64,110.28,23.84,72.49,24.09,2.219,93,121
72610,91.64,83.63,110.05,23.84,72.51,24.06,2.219,136,102
72719,91.76,83.61,110.13,23.9,72.52,24.06,2.219,922,922
72829,91.75,83.6,110.1,23.94,72.53,24.03,2.219,491,535
72938,91.87,83.59,110.18,23.96,72.54,23.99,2.219,360,479
73048,91.88,83.59,110.13,23.98,72.53,23.95,2.219,254,263
73157,91.83,83.58,110.05,23.93,72.52,23.83,2.219,237,275
73267,91.96,83.59,110.14,23.92,72.52,23.75,2.214,922,922
73377,91.94,83.61,110.07,23.87,72.53,23.63,2.219,922,922
73486,91.91,83.61,110,23.82,72.53,23.53,2.219,922,922
73596,91.75,83.63,109.82,23.76,72.53,23.4,2.219,922,922
73705,91.67,83.64,109.69,23.71,72.54,23.3,2.219,922,922
73815,91.71,83.65,109.66,23.66,72.55,23.19,2.219,922,922
73925,91.79,83.65,109.71,23.65,72.54,23.09,2.219,922,922
74034,91.97,83.65,109.8,23.65,72.53,22.99,2.219,922,922
74144,91.96,83.64,109.7,23.66,72.53,22.92,2.219,922,922
74254,91.8,83.65,109.52,23.64,72.54,22.83,2.214,922,922
74363,91.91,83.63,109.58,23.64,72.53,22.76,2.219,922,922
74473,91.84,83.65,109.52,23.66,72.54,22.73,2.214,922,922
74583,91.79,83.65,109.46,23.62,72.55,22.66,2.219,922,922
74692,92.18,83.65,109.75,23.63,72.55,22.57,2.219,922,922
74802,92.24,83.64,109.77,23.61,72.54,22.46,2.219,307,467
74911,92.02,83.65,109.55,23.54,72.54,22.36,2.219,922,922
75021,92.06,83.66,109.54,23.5,72.54,22.23,2.219,922,922
75131,92.13,83.68,109.55,23.48,72.56,22.11,2.219,922,922
75240,92.16,83.67,109.53,23.46,72.55,22.03,2.219,923,922
75350,92.06,83.68,109.4,23.39,72.56,21.88,2.219,504,562
75459,92.08,83.69,109.36,23.36,72.56,21.78,2.224,922,922
75569,92.05,83.71,109.3,23.39,72.58,21.76,2.224,505,445
75678,92.18,83.71,109.41,23.35,72.59,21.66,2.224,332,373
75788,92.25,83.71,109.42,23.36,72.58,21.62,2.219,257,269
75898,92.36,83.7,109.48,23.36,72.58,21.56,2.214,90,104
76007,92.49,83.72,109.59,-87.55,-10.61,-170.44,2.224,244,171
76117,92.42,83.71,109.51,23.37,72.56,21.44,2.224,330,370
76227,92.42,83.71,109.47,23.41,72.55,21.4,2.219,364,461
76336,92.3,83.71,109.32,23.41,72.55,21.35,2.219,922,923
76446,92.4,83.69,109.41,23.42,72.55,21.32,2.219,922,922
76555,92.37,83.7,109.35,23.42,72.54,21.26,2.224,922,922
76665,92.41,83.7,109.36,23.41,72.55,21.2,2.224,922,923
76774,92.41,83.68,109.32,23.39,72.55,21.11,2.219,922,922
76884,92.47,83.67,109.32,23.4,72.57,21.05,2.224,378,412
76994,92.6,83.65,109.4,23.49,72.56,21.05,2.224,322,431
77103,92.69,83.63,109.46,23.54,72.57,21.05,2.219,922,922
77213,92.64,83.63,109.38,23.59,72.57,21.04,2.219,923,922
77323,92.71,83.63,109.43,23.59,72.57,20.99,2.219,922,922
77432,92.78,83.63,109.48,23.56,72.55,20.92,2.219,922,922
77542,92.77,83.63,109.43,23.55,72.54,20.83,2.224,380,620
77651,92.71,83.65,109.28,23.57,72.51,20.76,2.219,922,923
77761,92.78,83.64,109.25,23.62,72.5,20.69,2.219,922,922
77871,92.8,83.63,109.22,23.64,72.49,20.64,2.219,922,922
77980,92.94,83.63,109.3,23.64,72.51,20.59,2.219,619,808
78090,93.18,83.63,109.54,23.64,72.53,20.56,2.224,492,332
78200,93.24,83.65,109.6,23.65,72.57,20.53,2.224,923,922
78309,93.34,83.65,109.66,23.66,72.6,20.49,2.219,922,922
78419,93.14,83.65,109.41,23.62,72.6,20.37,2.224,922,923
78528,93.16,83.64,109.32,23.63,72.6,20.27,2.219,674,771
78638,93.12,83.64,109.21,23.64,72.59,20.18,2.224,264,250
78748,93.17,83.65,109.26,23.59,72.59,20.09,2.224,922,922
78858,93.04,83.68,109.09,23.57,72.6,19.99,2.224,922,922
78967,93.17,83.66,109.13,23.63,72.6,19.94,2.224,922,921
79077,93.12,83.67,109.07,23.61,72.6,19.89,2.224,556,829
79187,93.2,83.67,109.12,23.61,72.62,19.85,2.224,366,467
79297,93.23,83.68,109.15,23.59,72.62,19.8,2.219,279,349
79407,93.09,83.7,109.03,23.56,72.63,19.75,2.224,236,229
79517,93.1,83.68,108.99,23.55,72.61,19.67,2.224,310,404
79627,92.98,83.64,108.79,23.66,72.59,19.69,2.224,922,864
79736,93.11,83.6,108.86,23.75,72.59,19.71,2.224,442,409
79846,93.03,83.58,108.78,23.86,72.58,19.77,2.224,274,282
79956,92.97,83.55,108.7,23.98,72.57,19.84,2.224,112,114
80066,93.14,83.52,108.8,24.12,72.56,19.86,2.224,280,352
80176,93.07,83.48,108.79,24.09,72.53,19.85,2.224,328,442
80286,92.89,83.43,108.65,24.07,72.53,19.8,2.224,154,225
80396,93.04,83.39,108.81,24.14,72.52,19.8,2.224,242,252
80506,92.92,83.36,108.72,24.05,72.47,19.74,2.224,291,533
80615,92.83,83.33,108.63,23.96,72.43,19.67,2.209,298,393
80725,92.75,83.29,108.53,23.89,72.39,19.6,2.18,349,498
80835,92.76,83.26,108.54,23.81,72.33,19.51,2.19,151,202
80945,92.67,83.21,108.41,23.76,72.28,19.43,2.199,306,343
81055,92.63,83.19,108.36,23.73,72.23,19.39,2.185,358,483
81165,92.56,83.16,108.31,23.68,72.18,19.38,2.209,388,458
81318,92.52,83.11,108.26,23.63,72.14,19.32,2.537,300,277
81427,92.42,83.06,108.17,23.64,72.09,19.34,2.419,250,246
81537,92.35,83.03,108.09,117.56,25.28,-177.74,2.576,349,451
81647,92.1,83.01,107.83,23.45,71.92,19.16,2.649,232,228
81757,93.24,83.01,108.97,22.85,71.58,18.89,2.659,345,429
81866,92.43,83.21,108.36,22.13,71.32,18.46,2.674,209,220
81976,91.5,83.01,106.6,21.2,71.22,17.56,2.678,211,263
82086,90.61,83.42,105.1,19.15,71.31,15.73,2.678,165,294
82196,88.87,84.39,104.4,16.42,71.52,13.96,2.713,175,423
82305,89.46,84.56,105.42,14.58,71.89,13.2,2.713,215,328
82415,86.24,83.97,102.89,13.48,74.66,12.86,2.703,383,455
82525,92.05,84.78,107.03,2.39,80.88,1.5,2.693,305,311
82635,95.87,84.79,111.26,0.53,81.99,-2.02,2.63,385,362
82744,96.45,84.5,109.56,2.83,81.98,-0.25,2.62,379,436
82854,nan,nan,nan,5.38,82.27,0.89,2.507,107,124
82964,110.88,83.78,120.57,4.93,83.15,0.4,2.405,44,63
83074,120.92,83.84,130.23,1.97,83.73,-2.06,2.297,327,383
83183,131.8,83.92,140.23,0.83,83.98,-3.11,2.141,95,122
83293,132.21,83.78,140.1,1.96,84.27,-2.11,2.185,128,126
83403,114.04,80.12,125.82,2.45,84.29,-1.54,2.239,72,93
83513,128.03,83.83,135.75,4.53,83.41,0.61,2.239,211,208
83623,120.08,84.51,129.68,3.66,82.43,0.52,2.253,338,284
83732,111.62,84.67,123.39,4.56,81.55,0.98,2.273,386,352
83842,117.27,84.93,128.41,9.24,81.27,4.18,2.307,302,271
83952,113.75,84.83,124.19,16.97,80.27,9.53,2.292,280,284
84062,104.19,85.04,114.21,20.97,77.8,12.2,2.307,97,165
84171,108.56,84.89,116.31,24.53,75.5,13.71,2.361,264,261
84281,126.3,85.38,131.58,27.32,74.06,14.3,2.444,303,288
84391,131.54,85.31,135.39,27.86,73.53,14.42,2.551,403,615
84501,133.5,85.22,137.16,28.4,74.34,14.76,2.61,304,517
84610,138.99,84.93,141.61,29.4,75.22,15.19,2.62,182,318
84720,148.24,84.66,151.55,30.26,76.39,16.52,2.556,155,347
84830,156.11,84.04,159.89,30.85,77.31,17.32,2.483,141,197
84940,160.1,83.67,164.9,30.69,78.61,18.17,2.517,348,369
85049,167.54,83.08,171.87,29.41,79.35,17.38,2.483,258,218
85159,174.56,82.4,178.93,28.59,80,17.57,2.41,376,389
85269,174.1,81.73,177.64,28.99,81,18.26,2.434,128,231
85379,171.05,81.03,173.2,27.98,82.11,17.04,2.537,271,244
85488,168.35,80.49,170.69,28.51,83.89,17.86,2.532,307,294
85598,166.86,80.02,168.55,26.24,85.12,15.38,2.326,237,201
85708,167.19,79.92,168.81,25.09,85.74,14.22,2.19,264,276
85817,168.77,80.19,170.06,22.59,85.31,11.26,2.234,327,336
85927,169.44,80.9,169.86,20.29,83.97,8.16,2.258,382,473
86037,162.67,82.15,162.42,18.73,82.02,6.06,2.268,453,437
86147,150.58,83.49,150.88,17.14,79.83,4.82,2.297,384,390
86256,139.55,84.34,142.18,15.82,77.86,3.61,2.322,314,292
86366,133.82,84.91,135.33,16.36,76.98,2.1,2.341,397,411
86476,131.56,85.65,131.63,13.59,78,-3.22,2.356,127,157
86586,141.33,86.61,141.89,8.81,78.42,-8.25,2.351,44,48
86695,161,87.23,160.34,11.42,77.35,-7.5,2.317,177,148
86805,175.46,86.22,170.52,14.93,76.11,-4.67,2.302,391,347
86915,170.65,85.32,165.15,15.15,75.99,-4.47,2.312,387,367
87025,170.66,84.82,166.73,15.17,76.61,-3.21,2.307,320,325
87134,169.53,84.5,165.35,16.44,76.75,-2.18,2.307,113,134
87244,165.53,84.4,161.56,17.13,76.88,-1.38,2.346,39,70
87354,-0.61,-28.51,63.42,17.02,76.82,-1.27,2.375,299,314
87464,157.37,84.74,153.23,16.06,77,-1.65,2.395,284,294
87573,159.77,84.9,155.6,15.47,77.43,-2.7,2.419,253,242
87683,161.79,85.03,158.31,15.85,77.77,-2.75,2.542,359,520
87793,164.55,85.28,162.95,16.16,77.63,-1.86,2.644,391,853
87903,150.14,56.32,163.69,16.05,77.24,-2.38,2.669,150,506
88013,159.99,85.29,158.11,15.57,77.02,-3.16,2.674,251,548
88123,157.61,85.56,156.51,14.38,77.02,-4.09,2.674,230,530
88233,155.48,85.76,154.28,12.63,76.73,-5.94,2.669,402,634
88343,149.93,86.04,148.2,11.12,76.77,-7.75,2.674,402,825
88452,137.27,86.38,135.91,9.37,76.81,-9.06,2.674,256,645
88562,132.03,86.56,131.17,7.91,76.84,-9.82,2.674,121,373
88672,124.36,86.42,123.49,8.3,76.82,-9.24,2.674,340,569
88782,114.82,85.73,113.95,9.36,77.26,-7.78,2.678,334,517
88892,102.03,84.63,100.53,9.75,77.75,-6.13,2.678,399,560
89002,98.53,83.86,97.05,9.57,78.03,-5.21,2.674,177,360
89112,99.63,83.66,98.39,10.28,77.91,-4.04,2.678,85,269
89221,99.75,83.5,98.56,11.25,77.6,-3.03,2.683,286,482
89331,100.41,83.37,98.92,12.13,77.47,-2.43,2.678,401,601
89441,100.39,83.34,98.95,12.35,77.57,-2.24,2.683,336,515
89551,100.11,83.33,98.74,12.27,77.6,-2.26,2.683,373,517
89661,99.85,83.39,98.45,11.97,77.5,-2.5,2.683,299,520
89771,99.28,83.42,98.05,11.69,77.38,-2.61,2.683,372,534
89881,98.9,83.43,97.6,11.65,77.32,-2.74,2.683,326,486
89990,98.61,83.47,97.38,11.65,77.27,-2.71,2.683,302,464
90100,97.87,83.49,96.64,11.58,77.22,-2.84,2.683,341,625
90210,97.35,83.48,96.17,11.49,77.17,-2.92,2.683,379,593
90320,96.61,83.47,95.46,11.37,77.11,-3.01,2.678,410,715
90430,96.18,83.47,95.02,11.22,77.03,-3.1,2.683,322,608
90540,95.88,83.52,94.81,11.02,76.99,-3.24,2.683,283,603
90650,95.6,83.57,94.58,10.76,77.02,-3.44,2.683,355,588
90760,95.42,83.58,94.35,10.56,77.04,-3.66,2.683,333,514
90869,95.45,83.6,94.36,10.42,77.04,-3.83,2.683,334,538
90979,95.74,83.62,94.58,10.22,77.07,-4,2.688,98,264
91089,96.13,83.66,94.94,10.15,77.08,-4.08,2.683,39,119
91199,96.12,83.69,94.94,10.06,77.08,-4.16,2.678,236,301
91309,96.07,83.68,94.92,10.05,77.06,-4.15,2.683,330,361
91419,95.98,83.67,94.83,10.04,77.02,-4.14,2.644,304,276
91529,95.52,83.66,94.43,10.08,77,-4.09,2.424,387,417
91639,94.86,83.65,93.86,10.07,76.97,-4.06,2.317,135,150
91748,94.27,83.64,93.27,9.98,76.95,-4.12,2.312,368,346
91858,93.94,83.65,92.94,9.95,76.87,-4.16,2.283,386,398
91968,93.6,83.61,92.55,9.94,76.81,-4.23,2.307,382,417
92078,93.06,83.67,92.1,9.72,76.81,-4.39,2.336,276,240
92188,92.6,83.73,91.73,-32.4,11.24,178.28,2.356,341,349
92298,93.52,84.14,92.66,9.03,76.96,-5.7,2.385,369,527
92408,89.88,84.13,89.18,8.42,77.28,-6.58,2.39,410,483
92517,90.81,84.74,89.23,7.58,77.99,-9.14,2.366,269,285
92627,108.3,86.35,106.42,6.78,78.04,-11.43,2.37,303,280
92737,144.86,87.11,143.48,7.35,77.53,-11.36,2.38,247,253
92847,164.59,86.37,161.26,9.43,77.19,-9.89,2.4,97,122
92957,174.41,85.48,169.85,10.84,76.99,-9.35,2.414,250,264
93067,176.29,85.1,172.99,11.69,77.64,-7.56,2.424,367,523
93177,173.16,84.78,168.9,12.06,77.87,-7.27,2.444,376,438
93287,170.28,84.5,166.06,12.13,78,-6.54,2.444,409,419
93396,161.89,84.14,155.97,12.82,77.72,-5.7,2.449,212,191
93506,158.1,83.98,152.45,12.88,77.42,-4.64,2.454,282,447
93616,161.62,83.71,157.69,13.9,78.08,-3.21,2.473,332,435
93726,162.55,83.37,158.32,15.91,78.39,-1.99,2.527,323,424
93836,161.78,83.27,157.99,16.67,78.65,-0.84,2.551,180,147
93946,160.9,83.37,157,17.36,78.84,-0.17,2.566,315,285
94056,158.75,83.55,154.58,17.65,79.1,-0.27,2.625,431,463
94165,156.08,83.65,151.07,17.76,78.9,-0.81,2.669,294,257
94275,152.83,83.75,147.31,18.23,78.62,-1.12,2.708,248,373
94385,150.89,83.95,145.59,18.49,78.34,-1.32,2.717,250,293
94495,148.49,84.09,143.11,18.32,78.07,-1.69,2.717,351,458
94605,145.89,84.25,141.2,17.47,77.99,-2.13,2.703,140,212
94715,142.91,84.37,138.96,15.8,78.09,-3.42,2.669,379,558
94825,136.58,84.4,132.65,14.17,78.43,-4.91,2.649,414,667
94935,133.2,84.3,129.39,12.44,78.83,-6.43,2.669,261,404
95045,135.62,84.2,132.48,10.77,79.2,-7.77,2.698,218,287
95155,139.71,84.07,136.79,8.66,80.29,-9.49,2.717,335,445
95265,145.54,83.81,142.72,4.42,81.97,-13.33,2.722,238,216
95375,151.95,83.29,149.09,-0.85,83.49,-18.02,2.708,348,273
95484,158.73,82.62,155.81,-7.79,84.81,-24.36,2.605,431,511
95594,164.87,81.57,161.97,-15.77,85.95,-32.08,2.595,319,321
95704,167.15,80.82,163.52,-28.17,86.9,-44.76,2.507,208,221
95814,167.51,80.33,163.42,-45.84,87.56,-62.56,2.434,379,408
95924,167.92,80.01,163.9,-64.48,87.86,-81.18,2.336,306,378
96034,168.07,79.93,164.17,-66.1,87.89,-82.83,2.336,339,581
96143,168.15,80.24,163.75,-46.86,87.67,-63.87,2.341,128,156
96253,166.1,80.95,161.21,-23.78,86.87,-41.12,2.312,338,320
96363,160.84,82.01,155.83,-13.03,85.74,-30.58,2.239,262,269
96473,154.2,83.07,149.77,56.48,79.73,48.47,2.165,192,215
96583,144.45,84.11,141.37,-0.32,82.13,-18.11,2.155,195,200
96693,126.97,85.21,124.55,1.43,80.31,-16.81,2.214,271,273
96803,113.48,85.6,111.56,2.33,78.69,-15.8,2.243,317,397
96912,100.38,86.23,99.94,2.92,77.39,-14.66,2.253,316,367
97022,97.83,86.7,97.74,3.84,76.43,-13.84,2.214,323,350
97132,95.78,86.74,95.03,5.76,75.27,-12.57,2.185,228,200
97242,91.99,86.44,90.68,7.45,74.96,-11.43,2.204,328,404
97352,93.99,86.43,92.13,8.97,74.86,-10.53,2.234,148,219
97462,101.42,86.87,99.58,10.07,74.71,-9.89,2.263,234,136
97572,119.76,87.24,117.67,10.84,74.52,-9.51,2.341,198,158
97682,131.77,87.06,129.26,12.17,74.34,-8.66,2.488,313,400
97791,127.84,86.61,124.23,14.54,74.38,-6.95,2.659,291,368
97901,130.07,86.18,125.2,15.63,74.46,-6.51,2.717,335,462
98011,133.62,86.03,127.16,16.64,74.7,-5.72,2.674,311,442
98121,146.08,86,138.94,17.53,74.65,-4.83,2.566,335,504
98231,170.14,86.14,161.59,19.03,74.46,-3.35,2.493,264,366
98341,156.84,85.45,148.62,20.35,74.47,-2.21,2.483,386,606
98451,156.31,85.27,148.38,20.38,74.65,-1.65,2.517,387,633
98561,157.02,84.97,149.32,19.5,74.86,-1.98,2.615,296,540
98671,156.18,84.41,148.48,18.13,75.52,-3.21,2.659,346,515
98780,5.25,4.65,95.18,15.77,77.44,-5.06,2.61,245,312
98890,141.45,83.23,135.53,13.63,80.63,-6.64,2.507,401,443
99000,146.5,82.53,140.97,8.96,83.76,-10.31,2.37,380,450
99110,150.89,81.65,145.12,1.2,86.02,-17.41,2.38,285,369
99220,152.64,80.94,146.61,-16.59,87.91,-34.77,2.463,378,379
99330,nan,nan,nan,-66.67,88.83,-84.68,2.341,333,325
99439,154.9,80.05,149.17,-97.84,88.69,-116.36,2.317,378,429
99549,152.82,79.95,146.55,89.94,60.32,101.75,2.317,263,224
99659,150.97,80.24,143.66,-21.18,88.59,-40.66,2.322,241,172
99769,151.59,80.82,144.61,4.96,86.67,-14.21,2.351,364,357
99879,134.11,82.78,128.72,8.98,84.28,-9.87,2.366,336,448
99989,143.85,83.36,138.49,11.61,81.68,-7.15,2.366,350,350
100098,144.93,84.34,141.68,14.25,78.96,-4.37,2.361,105,111
100208,134.51,84.76,132.22,15.45,76.91,-3.45,2.366,183,159
100318,118.54,84.76,114.47,18.17,76.11,-1.97,2.346,195,179
100428,nan,nan,nan,21.88,75.22,0.02,2.326,318,392
100538,118.79,84.97,111.92,21.76,73.6,-0.36,2.331,399,493
100648,118.98,85.03,111.23,22.07,73.37,-1.17,2.336,406,435
100757,113.78,84.88,108.33,21.46,73.58,-1.28,2.336,347,342
100867,110.85,84.85,104.95,20.5,73.66,-2.16,2.346,141,168
100977,109.16,84.65,102.7,19.95,73.59,-3.04,2.449,102,156
101087,108.72,84.75,102.22,19.69,73.6,-3.41,2.644,356,520
101197,109.8,84.74,102.71,19.68,73.58,-3.69,2.717,406,729
101307,109.97,84.8,102.99,19.44,73.57,-3.95,2.693,266,649
101417,110.3,84.94,103.76,18.72,73.6,-4.52,2.688,90,430
101527,110.02,85.13,104.19,17.97,73.72,-5.09,2.703,236,545
101637,109.72,85.21,104.13,17.55,73.87,-5.42,2.713,384,449
101746,110.21,85.2,104.52,17.42,74.05,-5.64,2.698,168,169
101883,111.7,85.22,106.1,17.09,74.39,-5.85,2.419,281,257
101993,111.08,85.16,105.49,15.67,74.72,-6.64,2.405,349,341
102102,105.04,84.24,99.17,15.4,76.06,-6.59,2.405,309,236
102212,99.82,82.69,92.93,16.1,77.64,-5.47,2.385,330,331
102322,96.43,81.49,89.48,16.84,79.11,-3.69,2.366,361,392
102431,97.1,80.64,89.44,17.07,80.35,-2.76,2.366,406,402
102541,98.26,80.44,90.32,17.44,80.92,-2.33,2.375,391,413
102651,100.29,80.37,91.76,18.31,80.78,-1.92,2.375,209,142
102760,101.47,80.38,92.51,19.47,80.27,-1.18,2.37,194,128
102870,101.94,80.96,93.87,18.05,79.58,-2.13,2.361,252,293
102980,121.34,83.75,115.16,16.36,79.38,-4.77,2.356,281,255
103090,129.78,84.48,125.44,18.27,78.13,-2.93,2.361,169,132
103199,136.53,84.46,129.27,19.49,77.9,-2.71,2.37,365,333
103309,139.48,84.15,130.83,19.71,77.5,-2.97,2.37,335,437
103419,146.45,84.32,139.37,20.15,77.62,-1.65,2.375,293,346
103528,149.84,84.14,141.87,20.57,77.53,-1.5,2.38,363,382
103638,150.94,83.98,143.21,20.72,77.66,-1.2,2.38,114,123
103748,152.3,83.89,144.64,20.82,77.8,-0.98,2.385,247,272
103858,153.53,83.78,145.61,21.02,77.82,-0.94,2.375,295,284
103967,154.31,83.76,146.26,21.33,77.77,-0.74,2.361,379,411
104077,154.54,83.71,146.09,21.66,77.6,-0.68,2.37,389,376
104187,153.92,83.68,145.44,22.07,77.48,-0.38,2.375,160,145
104296,153.02,83.72,144.45,22.03,77.4,-0.49,2.38,339,281
104406,152.51,83.78,144.04,21.75,77.34,-0.78,2.41,299,339
104516,151.55,83.87,143.25,21.41,77.31,-1.01,2.551,300,417
104625,151.12,83.94,142.95,21.02,77.24,-1.36,2.664,188,152
104735,150.51,84.02,142.4,20.74,77.16,-1.6,2.454,80,99
104845,150.2,84.06,142.08,20.65,77.06,-1.71,2.292,184,128
104955,150.19,84.1,141.95,20.57,76.98,-1.92,2.18,319,320
105064,150.36,84.11,142.02,20.86,76.84,-1.74,2.092,241,194
105174,150.1,84.12,141.92,20.86,76.8,-1.74,2.082,270,240
105284,149.7,84.16,141.7,20.54,76.82,-1.94,2.126,194,227
105393,149.13,84.23,141.09,20.18,76.83,-2.25,2.253,333,369
105503,142.68,84.27,133.9,20.37,76.74,-2.25,2.473,410,415
105613,126.06,83.48,117.37,-179.45,0.21,175.4,2.615,247,196
105722,104.27,81.26,98.3,24.88,78.42,4.93,2.444,299,256
105832,93.98,77.95,88.34,28.51,79.77,9.52,2.326,100,132
105942,89.43,75.42,84.75,32.97,80.9,14.86,2.38,305,280
106051,86.51,72.98,82.06,37.86,81.96,19.69,2.405,259,187
106161,84.63,70.66,80.11,43.04,82.94,24.62,2.341,359,378
106271,82.55,69.02,78.19,49.77,83.9,30.52,2.366,293,230
106381,82.87,68.75,78.32,51.84,84.26,32.24,2.38,127,236
106490,85.34,70.71,80.55,47.96,83.71,28.25,2.4,200,106
106600,90.05,74.15,85.17,41.24,82.35,21.18,2.41,89,98
106710,99.05,78.23,94.49,34.22,80.92,13.74,2.414,145,92
106820,118.32,81.86,114.3,27.39,79.63,6.59,2.414,97,104
106929,147.82,83.46,143.85,23.14,79.33,1.93,2.429,329,342
107039,167.41,83.21,162.31,20.08,79.85,-1.45,2.429,389,420
107149,175.06,82.76,169.28,16.19,80.43,-5.44,2.434,325,317
107258,-175.48,82.16,179.45,15.24,80.39,-6.53,2.434,171,115
107368,-171.53,81.92,-176.85,15.83,80.12,-6.23,2.439,74,259
107478,-172.42,82.04,-177.91,14.69,80.26,-7.4,2.449,84,74
107588,-173.13,82.2,-178.38,14.15,80.26,-7.92,2.458,347,418
107697,-173.54,82.43,-178.92,13.41,80.21,-8.65,2.454,309,351
107807,-173.36,82.59,-178.81,12.83,80.1,-9.23,2.463,343,403
107917,-173.13,82.81,-178.55,12.07,80.02,-9.93,2.493,106,123
108026,-173.83,83.01,-179.48,11.44,79.94,-10.58,2.498,288,362
108136,-173.93,83.22,-179.62,10.9,79.87,-11.08,2.463,361,438
108246,-173.03,83.39,-178.52,10.16,79.62,-11.76,2.449,433,442
108355,-172.2,83.68,-177.25,9.28,79.48,-12.38,2.478,115,422
108465,-172.59,83.91,-177.54,8.93,79.28,-12.77,2.454,279,298
108575,-174.78,84.02,-179.86,9.41,79.18,-12.47,2.522,420,440
108684,-178.59,84.13,175.63,10.06,79.15,-12.16,2.41,367,408
108794,179.01,84.15,172.64,10.9,78.93,-11.86,2.341,156,191
108904,177.27,84.36,171.52,10.99,78.77,-11.46,2.366,292,352
109014,174.62,84.69,170.12,9.75,79.06,-11.94,2.395,352,358
109124,171.78,84.73,168.22,8.74,79.3,-12.6,2.605,287,288
109234,175,84.68,172.03,8.44,79.07,-13.24,2.674,358,384
109350,-179.41,84.95,178.86,7.43,78.84,-13.77,2.678,232,253
109461,-176.89,85.17,-177.74,6.28,79.06,-14.33,2.649,349,469
109572,179.64,85.32,177.81,5.8,79.13,-15.04,2.639,922,922
109683,172.99,85.53,170.91,6.36,79.13,-14.59,2.644,923,922
109794,171.53,85.33,168.98,7.83,78.42,-13.73,2.649,923,922
109904,-179.18,84.67,179.6,8.74,78.01,-12.19,2.644,922,922
110136,-177.81,85.41,-176.37,3.12,79.57,-15.8,2.644,923,922
110246,167.7,86.15,166.85,4.26,79.66,-16.29,2.649,922,922
110357,129.39,85.84,127.17,7.97,78.99,-13.37,2.649,922,922
110468,103.52,85.42,103.33,11.07,78.71,-9.07,2.649,922,922
110578,101.45,84.27,100.76,15.49,77.58,-4.84,2.644,922,922
110687,100.6,83.56,99.99,18.89,77.29,-1.55,2.649,922,922
110797,102.22,83.57,102.14,20.25,77.61,0.11,2.659,922,922
110906,104.55,83.68,104.77,21.01,77.92,1.13,2.654,923,922
111016,107.56,83.54,107.53,21.9,78.08,1.9,2.659,922,922
111125,108.89,83.46,109.11,22.65,78.2,2.68,2.659,922,922
111235,108.52,83.37,109,23.11,78.2,3.16,2.659,922,922
111345,107.8,83.28,108.31,23.32,78.21,3.36,2.659,922,922
111454,106.91,83.24,107.51,23.39,78.15,3.42,2.664,922,921
111564,105.72,83.23,106.52,23.39,78.08,3.49,2.659,922,922
111673,104.98,83.21,105.87,23.45,78.02,3.5,2.664,565,481
111783,104.62,83.18,105.48,23.45,78.01,3.5,2.659,415,473
111893,103.81,83.2,104.81,23.34,78.04,3.5,2.659,190,267
112002,103.76,83.17,104.69,23.38,78.05,3.53,2.664,518,364
112112,103.6,83.14,104.46,23.5,78.07,3.65,2.664,500,450
112221,103.74,83.11,104.56,23.55,78.07,3.71,2.664,922,922
112331,103.46,83.09,104.33,23.66,78.07,3.81,2.664,922,921
112441,103.13,83.06,103.96,-85.96,21.36,177.73,2.659,922,922
112551,102.96,83.03,103.81,23.99,78,4.11,2.664,922,922
112660,102.74,83.02,103.54,24.04,77.93,4.08,2.664,922,922
112770,102.19,82.99,103,24.17,77.87,4.21,2.664,922,922
112880,102.07,82.95,102.86,24.38,77.79,4.33,2.664,922,922
112989,101.66,82.97,102.48,24.43,77.74,4.34,2.664,922,922
113099,101.27,82.95,102.07,24.46,77.72,4.41,2.664,922,922
113208,100.82,82.9,101.57,24.47,77.71,4.41,2.669,923,922
113318,100.61,82.9,101.46,24.45,77.67,4.44,2.669,922,922
113428,100.21,82.9,101.06,24.39,77.66,4.42,2.664,922,922
113537,100.08,82.86,100.89,24.51,77.64,4.51,2.669,922,922
113647,99.9,82.82,100.65,24.6,77.61,4.55,2.669,922,922
113756,99.92,82.81,100.71,24.64,77.61,4.64,2.674,922,922
113866,99.92,82.78,100.75,24.78,77.6,4.8,2.674,922,922
113976,99.76,82.79,100.63,24.81,77.6,4.87,2.669,922,922
114085,99.74,82.78,100.62,24.78,77.58,4.84,2.664,922,922
114195,99.49,82.76,100.32,24.84,77.62,4.9,2.669,922,922
114304,99.53,82.7,100.33,25.11,77.63,5.14,2.669,815,921
114414,99.52,82.65,100.34,25.35,77.63,5.35,2.669,922,922
114524,99.48,82.6,100.26,25.69,77.65,5.68,2.669,922,921
114633,99.55,82.56,100.31,25.98,77.65,5.94,2.674,493,349
114743,99.81,82.47,100.58,26.26,77.64,6.22,2.664,496,471
114852,99.81,82.43,100.61,26.45,77.6,6.37,2.669,310,391
114962,99.71,82.43,100.51,26.42,77.6,6.36,2.674,338,424
115072,99.38,82.41,100.19,26.41,77.6,6.36,2.669,285,283
115181,99.14,82.39,99.92,26.36,77.58,6.31,2.674,354,344
115291,99.08,82.38,99.87,26.37,77.55,6.33,2.678,308,296
115400,98.91,82.34,99.6,26.47,77.56,6.42,2.678,403,467
115510,98.76,82.32,99.47,26.6,77.56,6.55,2.674,258,281
115620,98.76,82.29,99.48,26.62,77.55,6.59,2.678,330,337
115729,98.48,82.27,99.25,26.6,77.53,6.62,2.664,337,387
115839,98.49,82.25,99.3,26.66,77.51,6.73,2.664,197,188
115949,98.09,82.2,98.98,26.67,77.46,6.85,2.683,198,192
116058,97.57,82.16,98.38,26.61,77.47,6.82,2.688,96,96
116168,97.72,82.11,98.36,26.65,77.45,6.71,2.678,91,148
116278,97.97,82.15,98.7,26.5,77.41,6.57,2.639,273,243
116387,97.93,82.33,98.73,25.95,77.59,6.12,2.62,292,308
116497,99.03,82.32,99.47,25.81,77.66,5.79,2.674,369,515
